Название,Цена
Диван Льери Мини Velvet Light64 990руб.92 990руб.-30%+103,64990
Диван Нумо Velvet Yellow37 990руб.54 990руб.-30%+64,37990
Диван угловой Эби-1 Velvet Coral72 990руб.104 990руб.-30%+111,72990
Диван Бонент Velvet Eclipse79 990руб.118 990руб.-32%+72,79990
Кресло поворотное Мэник Textile Grass32 990руб.34 990руб.-5%+71,32990
Диван Нумо Мини Textile Yellow24 990руб.41 990руб.-40%,24990
Диван Линс Velvet Navy Blue34 990руб.49 990руб.-30%+110,34990
Пуф Дзен-2 Velvet Coral11 990руб.,11990
Банкетка Ринт Bucle Yellow14 990руб.15 990руб.-6%+100,14990
Диван угловой Эдвин Velvet Smoke74 990руб.99 990руб.-25%+17,74990
Кресло Тилар Textile Yellow22 990руб.24 990руб.-8%+70,22990
Диван Бруквиль Velvet Blue49 990руб.76 990руб.-35%+93,49990
Диван Спейс Velvet Beige64 990руб.86 990руб.-25%+36,64990
Кресло-кровать Маре Мини Velvet Grafit21 990руб.34 990руб.-37%+52,21990
Диван угловой Харинг Soft Terra89 990руб.119 990руб.-25%+45,89990
Диван Инес Vertical Mint43 990руб.67 990руб.-35%+17,43990
Диван Ларонсо Soft Latte84 990руб.113 990руб.-25%+103,84990
Диван Клаймар Velvet Beige56 990руб.75 990руб.-25%+35,56990
Диван угловой Аллаум Linia Navy Blue52 990руб.66 990руб.-20%,52990
Диван Марей Soft Grey89 990руб.112 990руб.-20%+50,89990
Кресло Пайпел-2 Bucle Yellow34 990руб.36 990руб.-5%,34990
Диван Тут Рядом Космос Светло-Бежевый109 990руб.,109990
Диван Нумо Velvet Grafit37 990руб.54 990руб.-30%+64,37990
Кресло Кеймит Velvet Olive27 990руб.39 990руб.-30%+52,27990
Диван Риен Velvet Terra49 990руб.62 490руб.-20%,49990
Диван Сваут Velvet Grey64 990руб.81 990руб.-20%+67,64990
Кушетка Ринт Bucle Blue20 990руб.22 990руб.-8%+111,20990
Диван Линс Velvet Grafit34 990руб.49 990руб.-30%+110,34990
Диван Лави Velvet Pink43 990руб.67 990руб.-35%+23,43990
Диван угловой Вайвел Barhat Forest89 990руб.105 990руб.-15%+59,89990
Кресло Пайл Barhat Beige23 990руб.25 990руб.-7%+98,23990
Диван Бруквиль Velvet Smoke49 990руб.76 990руб.-35%+93,49990
Диван угловой Шера Velvet Light104 990руб.121 990руб.-13%+64,104990
Диван Коренс Happy Grey30 990руб.32 990руб.-6%+63,30990
Модульный диван Риббл-1 Bucle Lilac76 980руб.+111,76980
Кресло Кальдера Bucle Cloud36 990руб.,36990
Диван Види Textile Ocean25 990руб.43 990руб.-40%+60,25990
Модульный диван Brera-2 Velour Mix105 980руб.+110,105980
Кресло Гета Soft Silver36 990руб.+57,36990
Диван угловой Нумо Velvet Yellow47 990руб.68 990руб.-30%+64,47990
Кресло Элвит Cozy Ivory29 990руб.32 990руб.-9%,29990
Диван Сваут Velvet Mustard64 990руб.81 990руб.-20%+67,64990
Кресло-кровать Кейсес Velvet Navy Blue22 990руб.24 990руб.-8%+69,22990
Диван Терм Zamsha Olive89 990руб.,89990
Модульный диван Этен 2 Vertical Jeance149 940руб.195 940руб.-23%+114Изменить цвет и опции,149940
Кресло Рибс Velvet Beige29 990руб.34 990руб.-14%+8,29990
Пуф Кропс Bucle Smoky8990руб.9990руб.-10%+11,8990
Диван Пайпел Bucle Blue49 990руб.66 990руб.-25%,49990
